"address/city","address/country","address/fullAddress","address/state","address/street","address/zipCode","amenities/0","categories/0","categories/1","categories/2","description","distance","hours/0","hours/1","hours/2","hours/3","hours/4","hours/5","listingId","name","openStatus","openStatus/status","openStatus/text","parsedHours/0/closeTime","parsedHours/0/days","parsedHours/0/openTime","parsedHours/0/raw","parsedHours/1/closeTime","parsedHours/1/days","parsedHours/1/openTime","parsedHours/1/raw","parsedHours/2/closeTime","parsedHours/2/days","parsedHours/2/openTime","parsedHours/2/raw","parsedHours/3/closeTime","parsedHours/3/days","parsedHours/3/openTime","parsedHours/3/raw","parsedHours/4/closeTime","parsedHours/4/days","parsedHours/4/openTime","parsedHours/4/raw","parsedHours/5/closeTime","parsedHours/5/days","parsedHours/5/openTime","parsedHours/5/raw","phone","rating/average","rating/totalReviews","snippet","thumbnail","url","website","yearsInBusiness"
"Plano","US","609 W 15th St, Plano, TX, 75075","TX","609 W 15th St","75075",,"Dentists","Orthodontists","Oral &amp; Maxillofacial Surgery",,,"Mo-Fr 08:00-17:00",,,,,,"466290937","Becka David C DDS PC",,"closed now","closed now","17:00","Monday - Friday","08:00","Mo-Fr 08:00-17:00",,,,,,,,,,,,,,,,,,,,,"(972) 633-8300",,,,,"https://www.yellowpages.com/plano-tx/mip/becka-david-c-dds-pc-466290937","http://beckadavidcddspc.localsearch.com",
"Plano","US","5936 W Parker Rd, Plano, TX, 75093","TX","5936 W Parker Rd","75093",,"Dentists","Oral &amp; Maxillofacial Surgery",,,,"Mo-Th 07:30-16:30",,,,,,"8793548","David Wilhite, DDS",,,,"16:30","Monday - Thursday","07:30","Mo-Th 07:30-16:30",,,,,,,,,,,,,,,,,,,,,"(972) 964-3774",,,,"https://i4.ypcdn.com/blob/f05b4f8a248a4cf7c707715546f8ff3286c643a7_130x130_crop.jpg?6046996
","https://www.yellowpages.com/plano-tx/mip/david-wilhite-dds-8793548","http://wilhiteplanodentist.com","46"
"Plano","US","3501 Midway Rd Ste 130, Plano, TX, 75093","TX","3501 Midway Rd Ste 130","75093",,"Dentists","Oral &amp; Maxillofacial Surgery",,,,"Tu 10:00-18:00","We-Fr 08:00-17:00",,,,,"7390013","Kirk Kooker, DDS",,,,"18:00","Tuesday","10:00","Tu 10:00-18:00","17:00","Wednesday - Friday","08:00","We-Fr 08:00-17:00",,,,,,,,,,,,,,,,,"(972) 781-2282",,,,"https://i4.ypcdn.com/blob/8fd0ce660624b5cf9716614694ccba74caf18614_130x130_crop.jpg?6046996
","https://www.yellowpages.com/plano-tx/mip/kirk-kooker-dds-7390013","https://www.enhancingsmiles.com","36"
"Plano","US","901 W 15th St Ste A, Plano, TX, 75075","TX","901 W 15th St Ste A","75075",,,,,,,"Mo-Th 08:00-17:15","Fr 08:00-14:00",,,,,,"Aspen Dental",,,,"17:15","Monday - Thursday","08:00","Mo-Th 08:00-17:15","14:00","Friday","08:00","Fr 08:00-14:00",,,,,,,,,,,,,,,,,"(972) 607-3503",,,,,"https://www.yellowpages.com/plano-tx/mip/aspen-dental-558868594?lid=1002188388243",,
"Plano","US","5132 Village Creek Dr Ste 400, Plano, TX, 75093","TX","5132 Village Creek Dr Ste 400","75093","Wheelchair accessible","Dentists",,,,,"Mo-Fr 09:00-17:00",,,,,,"478740804","Wilson W Lo, DDS",,,,"17:00","Monday - Friday","09:00","Mo-Fr 09:00-17:00",,,,,,,,,,,,,,,,,,,,,"(972) 381-1888",,,,"https://i4.ypcdn.com/blob/8af1b3d30eaa7b3b65cb110c8e5a8407fb1c574f_130x130_crop.jpg?6046996
","https://www.yellowpages.com/plano-tx/mip/wilson-w-lo-dds-478740804","http://texasdentalpa.com",
"Plano","US","3604 Preston Rd Ste 400, Plano, TX, 75093","TX","3604 Preston Rd Ste 400","75093","Wheelchair accessible","Dentists",,,,,"Mo 08:00-17:00","Tu 07:00-16:00","We 08:00-17:00",,,,"3086006","Miranda Lacy, DDS",,,,"17:00","Monday","08:00","Mo 08:00-17:00","16:00","Tuesday","07:00","Tu 07:00-16:00","17:00","Wednesday","08:00","We 08:00-17:00",,,,,,,,,,,,,"(972) 312-0000",,,,,"https://www.yellowpages.com/plano-tx/mip/miranda-lacy-dds-3086006","http://www.mirandalacydds.com",
"Plano","US","5800 Coit Rd, Plano, TX, 75023","TX","5800 Coit Rd","75023",,"Dentists","Orthodontists","Oral &amp; Maxillofacial Surgery",,,"Mo 09:00-17:30","Tu-Th 08:00-17:00","Fr 09:00-12:00",,,,"8293203","James Dean Jensen DDS MSD PA",,"closed now","closed now","17:30","Monday","09:00","Mo 09:00-17:30","17:00","Tuesday - Thursday","08:00","Tu-Th 08:00-17:00","12:00","Friday","09:00","Fr 09:00-12:00",,,,,,,,,,,,,"(469) 241-0500",,,,,"https://www.yellowpages.com/plano-tx/mip/james-dean-jensen-dds-msd-pa-8293203","http://www.jensensmiles.com",
"Plano","US","4701 W Park Blvd, Plano, TX, 75093","TX","4701 W Park Blvd","75093",,"Dentists",,,,,"Mo-Th 08:30-17:30",,,,,,"478724579","Farmer, Randy, DDS",,"closed now","closed now","17:30","Monday - Thursday","08:30","Mo-Th 08:30-17:30",,,,,,,,,,,,,,,,,,,,,"(972) 985-4450",,,,,"https://www.yellowpages.com/plano-tx/mip/farmer-randy-dds-478724579","http://farmerrandydds.localsearch.com",
"Plano","US","4012 Preston Rd Ste 100, Plano, TX, 75093","TX","4012 Preston Rd Ste 100","75093","Wheelchair accessible","Dentists","Orthodontists","Oral &amp; Maxillofacial Surgery",,,"Mo-Fr 09:00-17:00",,,,,,"474473218","Lakeside Dental",,,,"17:00","Monday - Friday","09:00","Mo-Fr 09:00-17:00",,,,,,,,,,,,,,,,,,,,,"(972) 769-0005",,,,"https://i4.ypcdn.com/blob/12331f3cbce99804a1c27a988208025e659c587c_130x130_crop.jpg?6046996
","https://www.yellowpages.com/plano-tx/mip/lakeside-dental-474473218","https://www.drmizar.com/contact-us",
"Richardson","US","291 Renner Pkwy Ste A, Richardson, TX, 75080","TX","291 Renner Pkwy Ste A","75080",,"Dentists","Oral &amp; Maxillofacial Surgery",,,,"Mo-Sa 09:00-17:00",,,,,,"9592104","Tommy B Shultz DDS",,"closed now","closed now","17:00","Monday - Saturday","09:00","Mo-Sa 09:00-17:00",,,,,,,,,,,,,,,,,,,,,"(972) 234-0626",,,,,"https://www.yellowpages.com/richardson-tx/mip/tommy-b-shultz-dds-9592104","http://yellowpages.com/richardson-tx/mip/faiz-allen-9112492",
"Plano","US","Plano, TX, 75023","TX",,"75023",,"Dentists",,,,,,,,,,,"478860639","Marjan Adami",,,,,,,,,,,,,,,,,,,,,,,,,,,,"(972) 276-0159",,,,,"https://www.yellowpages.com/plano-tx/mip/marjan-adami-478860639","http://marjanadami.localsearch.com",
"Plano","US","4975 Preston Park Blvd Ste 190, Plano, TX, 75093","TX","4975 Preston Park Blvd Ste 190","75093",,"Dentists","Oral &amp; Maxillofacial Surgery",,,,"Mo-Tu 08:00-17:00","We-Th 07:00-15:30",,,,,"456188972","Miller & Miller Dentistry",,,,"17:00","Monday - Tuesday","08:00","Mo-Tu 08:00-17:00","15:30","Wednesday - Thursday","07:00","We-Th 07:00-15:30",,,,,,,,,,,,,,,,,"(972) 985-3300",,,,"https://i4.ypcdn.com/blob/d15ab3f235f28f8359c97c89343e054d9d906cc2_130x130_crop.jpg?6046996
","https://www.yellowpages.com/plano-tx/mip/miller-miller-dentistry-456188972","https://millerandmillerdds.com","39"
"Plano","US","1220 Coit Rd Ste 106, Plano, TX, 75075","TX","1220 Coit Rd Ste 106","75075",,"Dentists","Cosmetic Dentistry",,,,"Mo-Fr 07:00-15:00",,,,,,"459297427","Vitality Dental",,,,"15:00","Monday - Friday","07:00","Mo-Fr 07:00-15:00",,,,,,,,,,,,,,,,,,,,,"(972) 964-3800","3","2",,"https://i4.ypcdn.com/blob/d11183c119bea1fc67e0c75f08c6862fc22978e5_130x130_crop.jpg?6046996
","https://www.yellowpages.com/plano-tx/mip/vitality-dental-459297427","https://vitalitydentaldfw.com","10"
"Plano","US","5805 Coit Rd, Plano, TX, 75093","TX","5805 Coit Rd","75093",,"Dentists","Implant Dentistry","Teeth Whitening Products &amp; Services",,,"Tu-Th 08:00-17:00","Fr 08:00-16:00","Sa 08:00-15:00",,,,"6272263","Denise F McGrade DDS",,,,"17:00","Tuesday - Thursday","08:00","Tu-Th 08:00-17:00","16:00","Friday","08:00","Fr 08:00-16:00","15:00","Saturday","08:00","Sa 08:00-15:00",,,,,,,,,,,,,"(972) 612-2610",,,,"https://i4.ypcdn.com/blob/25aceeaeecfe589f3a5326796372b2d6e4542ccf_130x130_crop.jpg?6046996
","https://www.yellowpages.com/plano-tx/mip/denise-f-mcgrade-dds-6272263","http://www.yourtoothdoc.com","36"
"Plano","US","6861 Coit Rd Ste A, Plano, TX, 75024","TX","6861 Coit Rd Ste A","75024",,"Dentists","Orthodontists","Oral &amp; Maxillofacial Surgery",,,"Mo 07:15-17:00","Tu 07:15-18:00","Th 07:15-18:00","Fr 07:15-14:00",,,"466103215","Dr. Thomas Simmons",,,,"17:00","Monday","07:15","Mo 07:15-17:00","18:00","Tuesday","07:15","Tu 07:15-18:00","18:00","Thursday","07:15","Th 07:15-18:00","14:00","Friday","07:15","Fr 07:15-14:00",,,,,,,,,"(972) 398-6002","5","30",,"https://i4.ypcdn.com/blob/f5548e14bf2cce37ff326094c777324664ea51c5_130x130_crop.jpg?6046996
","https://www.yellowpages.com/plano-tx/mip/dr-thomas-simmons-466103215","https://thomassimmonsdds.com","22"
"Plano","US","5200 Village Creek Dr, Plano, TX, 75093","TX","5200 Village Creek Dr","75093",,"Dentists","Cosmetic Dentistry","Oral &amp; Maxillofacial Surgery",,,"Mo 08:30-17:00","Tu 08:00-17:00","We 07:00-12:00","Th 08:00-17:00","Fr 07:00-12:00",,"6767062","Weygandt, Robert E, DDS",,,,"17:00","Monday","08:30","Mo 08:30-17:00","17:00","Tuesday","08:00","Tu 08:00-17:00","12:00","Wednesday","07:00","We 07:00-12:00","17:00","Thursday","08:00","Th 08:00-17:00","12:00","Friday","07:00","Fr 07:00-12:00",,,,,"(972) 818-0200",,,,"https://i4.ypcdn.com/blob/d5dc97cc0b3145577b6e2666f4d0f0e629c44945_130x130_crop.jpg?6046996
","https://www.yellowpages.com/plano-tx/mip/weygandt-robert-e-dds-6767062","http://weygandtrobertedds.localsearch.com","26"
"Plano","US","4004 W Park Blvd, Plano, TX, 75093","TX","4004 W Park Blvd","75093",,"Dentists",,,,,"Mo 09:00-18:00","Tu-We 09:00-17:00","Th 11:00-19:00","Fr-Sa 09:00-15:00",,,"13246364","West Plano Dental",,,,"18:00","Monday","09:00","Mo 09:00-18:00","17:00","Tuesday - Wednesday","09:00","Tu-We 09:00-17:00","19:00","Thursday","11:00","Th 11:00-19:00","15:00","Friday - Saturday","09:00","Fr-Sa 09:00-15:00",,,,,,,,,"(972) 964-6555",,,,"https://i4.ypcdn.com/blob/82558fd3a5ff7bd3aeaad94cb2859242fe234af4_130x130_crop.jpg?6046996
","https://www.yellowpages.com/plano-tx/mip/west-plano-dental-13246364","http://www.westplanodental.com","22"
"Plano","US","6833 Coit Rd, Plano, TX, 75024","TX","6833 Coit Rd","75024",,"Dentists","Oral &amp; Maxillofacial Surgery",,,,"Mo 09:00-18:00","Tu 08:00-16:00","We 08:00-12:00","Th 08:00-17:00","Fr 08:00-12:00",,"10293737","Denton Wiginton DDS",,,,"18:00","Monday","09:00","Mo 09:00-18:00","16:00","Tuesday","08:00","Tu 08:00-16:00","12:00","Wednesday","08:00","We 08:00-12:00","17:00","Thursday","08:00","Th 08:00-17:00","12:00","Friday","08:00","Fr 08:00-12:00",,,,,"(972) 491-2244",,,,,"https://www.yellowpages.com/plano-tx/mip/denton-wiginton-dds-10293737","http://dentonwigintondds.localsearch.com","39"
"Plano","US","9720 Coit Rd Ste 130, Plano, TX, 75025","TX","9720 Coit Rd Ste 130","75025",,"Dentists",,,,,"Mo 08:00-17:00","Tu 08:00-18:00","We 08:00-17:00","Th 08:00-18:00",,,"3118934","Carrell Family Dentistry",,,,"17:00","Monday","08:00","Mo 08:00-17:00","18:00","Tuesday","08:00","Tu 08:00-18:00","17:00","Wednesday","08:00","We 08:00-17:00","18:00","Thursday","08:00","Th 08:00-18:00",,,,,,,,,"(972) 335-6400","1","1",,,"https://www.yellowpages.com/plano-tx/mip/carrell-family-dentistry-3118934","https://www.opencare.com/dentists/plano-tx/carrell-family-dentistry-24630270318c","21"
"Plano","US","6101 Chapel Hill Blvd, Plano, TX, 75093","TX","6101 Chapel Hill Blvd","75093",,"Dentists","Prosthodontists &amp; Denture Centers",,,,"Mo-Tu 08:00-16:00","We-Th 08:00-17:00",,,,,"474227004","Plano Dental Excellence",,"closed now","closed now","16:00","Monday - Tuesday","08:00","Mo-Tu 08:00-16:00","17:00","Wednesday - Thursday","08:00","We-Th 08:00-17:00",,,,,,,,,,,,,,,,,"(972) 833-8054",,,,"https://i4.ypcdn.com/blob/1459463697bf89370172581b94b7b6f729c13074_130x130_crop.jpg?6046996
","https://www.yellowpages.com/plano-tx/mip/plano-dental-excellence-474227004","http://www.planodentalexcellence.com",
"Plano","US","101 E Park Blvd, Plano, TX, 75074","TX","101 E Park Blvd","75074",,"Dentists",,,,,"Mo 08:00-17:00","Tu 07:00-19:00","We 08:00-17:00","Th 07:00-19:00","Fr 07:00-14:00",,"473268040","Hillstrom, James E, DDS",,"closed now","closed now","17:00","Monday","08:00","Mo 08:00-17:00","19:00","Tuesday","07:00","Tu 07:00-19:00","17:00","Wednesday","08:00","We 08:00-17:00","19:00","Thursday","07:00","Th 07:00-19:00","14:00","Friday","07:00","Fr 07:00-14:00",,,,,"(972) 423-4834",,,,,"https://www.yellowpages.com/plano-tx/mip/hillstrom-james-e-dds-473268040","https://www.ntdassociates.com",
"Plano","US","5961 Dallas Pkwy Ste 600, Plano, TX, 75093","TX","5961 Dallas Pkwy Ste 600","75093",,"Dentists","Cosmetic Dentistry",,,,"Mo 06:30-19:00","Tu 06:30-16:00","We-Th 06:30-19:00","Fr 07:00-12:00",,,"469501776","Parkhaven Dental - Plano",,"closed now","closed now","19:00","Monday","06:30","Mo 06:30-19:00","16:00","Tuesday","06:30","Tu 06:30-16:00","19:00","Wednesday - Thursday","06:30","We-Th 06:30-19:00","12:00","Friday","07:00","Fr 07:00-12:00",,,,,,,,,"(972) 416-2330",,,,,"https://www.yellowpages.com/plano-tx/mip/parkhaven-dental-plano-469501776","http://www.parkhavendental.com",
"Plano","US","6861 Coit Rd Ste B, Plano, TX, 75024","TX","6861 Coit Rd Ste B","75024",,"Dentists","Orthodontists","Oral &amp; Maxillofacial Surgery",,,,,,,,,"12831182","Shannon L Stokes, DDS",,,,,,,,,,,,,,,,,,,,,,,,,,,,"(972) 596-0200","5","1",,,"https://www.yellowpages.com/plano-tx/mip/shannon-l-stokes-dds-12831182","http://www.shannonstokesdds.com","29"
"Plano","US","1400 Preston Rd Ste 310, Plano, TX, 75093","TX","1400 Preston Rd Ste 310","75093",,"Dentists",,,,,"Mo 08:00-17:00","Tu 07:00-16:00","We 08:00-17:00","Th 07:00-14:00",,,"9191052","David Allen Grattafiori, DDS",,,,"17:00","Monday","08:00","Mo 08:00-17:00","16:00","Tuesday","07:00","Tu 07:00-16:00","17:00","Wednesday","08:00","We 08:00-17:00","14:00","Thursday","07:00","Th 07:00-14:00",,,,,,,,,"(972) 612-9970","5","1",,"https://i4.ypcdn.com/blob/506331c072175b9fcebaf71af646e4511d5d26ed_130x130_crop.jpg?6046996
","https://www.yellowpages.com/plano-tx/mip/david-allen-grattafiori-dds-9191052","http://www.grattafioridental.com","25"
"Plano","US","2304 Midway Rd Ste C, Plano, TX, 75093","TX","2304 Midway Rd Ste C","75093",,"Dentists","Implant Dentistry","Periodontists",,,"Mo 07:30-16:00","Tu 08:30-17:00","Th 07:30-16:00","Fr 08:30-17:00","Sa 08:00-13:00",,"9572725","Aesthetic Plus...The Smile Makeover",,,,"16:00","Monday","07:30","Mo 07:30-16:00","17:00","Tuesday","08:30","Tu 08:30-17:00","16:00","Thursday","07:30","Th 07:30-16:00","17:00","Friday","08:30","Fr 08:30-17:00","13:00","Saturday","08:00","Sa 08:00-13:00",,,,,"(972) 473-8880",,,,,"https://www.yellowpages.com/plano-tx/mip/aesthetic-plus-the-smile-makeover-9572725","http://aestheticplusthesmilemakeover.localsearch.com","19"
"Plano","US","4101 W Spring Creek Pkwy, Plano, TX, 75024","TX","4101 W Spring Creek Pkwy","75024",,"Dentists",,,,,"Mo-We 09:00-18:00","Th 09:00-20:00","Fr-Sa 10:00-15:00",,,,"478892322","Ziaei, Ray, DDS",,"closed now","closed now","18:00","Monday - Wednesday","09:00","Mo-We 09:00-18:00","20:00","Thursday","09:00","Th 09:00-20:00","15:00","Friday - Saturday","10:00","Fr-Sa 10:00-15:00",,,,,,,,,,,,,"(972) 599-1221",,,,,"https://www.yellowpages.com/plano-tx/mip/ziaei-ray-dds-478892322","http://planocomfortdental.com",
"Plano","US","4032 Mcdermott Rd Ste 200, Plano, TX, 75024","TX","4032 Mcdermott Rd Ste 200","75024",,"Dentists",,,,,"Mo 09:00-17:00","Tu 00:00-19:00","Th 08:00-16:00","Fr 07:00-15:00",,,"478855307","Dr. Priya Mainker, DMD",,,,"17:00","Monday","09:00","Mo 09:00-17:00","19:00","Tuesday","00:00","Tu 00:00-19:00","16:00","Thursday","08:00","Th 08:00-16:00","15:00","Friday","07:00","Fr 07:00-15:00",,,,,,,,,"(214) 618-6250","4.93","228",,"https://i4.ypcdn.com/blob/674d62589670c98c3fc70b24afc69b34638c5290_130x130_crop.jpg?6046996
","https://www.yellowpages.com/plano-tx/mip/dr-priya-mainker-dmd-478855307","https://www.naturalsmile.com","22"
"Plano","US","400 Maplelawn Dr Ste 102, Plano, TX, 75075","TX","400 Maplelawn Dr Ste 102","75075",,"Dentists","Cosmetic Dentistry",,,,"Mo-Th 08:00-17:00","Fr 08:00-12:00",,,,,"303550","Kososki Dental",,"closed now","closed now","17:00","Monday - Thursday","08:00","Mo-Th 08:00-17:00","12:00","Friday","08:00","Fr 08:00-12:00",,,,,,,,,,,,,,,,,"(972) 235-8900","5","1","Great Dental Office!!!  Everyone was extremely friendly and knowledgeable. I would totally recommend this dental practice to everyone.""","https://i4.ypcdn.com/blob/bcf95c656434e94123ef8413cc71bb46e624b8bf_130x130_crop.jpg?6046996
","https://www.yellowpages.com/plano-tx/mip/kososki-dental-303550","http://www.kososkidental.com",
"Plano","US","1410 14th St, Plano, TX, 75074","TX","1410 14th St","75074",,"Dentists","Orthodontists","Oral &amp; Maxillofacial Surgery",,,"Tu-Fr 08:30-17:00",,,,,,"14108313","Curtis A Crandall, DDS",,,,"17:00","Tuesday - Friday","08:30","Tu-Fr 08:30-17:00",,,,,,,,,,,,,,,,,,,,,"(972) 423-4595","5","1",,,"https://www.yellowpages.com/plano-tx/mip/curtis-a-crandall-dds-14108313","http://www.drcurtiscrandall.com","39"
"Plano","US","3509 E Park Blvd Ste 190, Plano, TX, 75074","TX","3509 E Park Blvd Ste 190","75074",,"Dentists","Orthodontists",,,,"Mo 09:00-18:00","Tu 09:00-19:00","We-Th 09:00-18:00","Fr 09:00-13:00",,,"468856218","Alexander Dental PLLC",,,,"18:00","Monday","09:00","Mo 09:00-18:00","19:00","Tuesday","09:00","Tu 09:00-19:00","18:00","Wednesday - Thursday","09:00","We-Th 09:00-18:00","13:00","Friday","09:00","Fr 09:00-13:00",,,,,,,,,"(972) 509-9399",,,,,"https://www.yellowpages.com/plano-tx/mip/alexander-dental-pllc-468856218","http://www.kasiridds.com","26"
"Plano","US","1605 G Ave Ste 100, Plano, TX, 75074","TX","1605 G Ave Ste 100","75074",,"Dentists","Oral &amp; Maxillofacial Surgery",,,,"Mo-Th 08:00-17:00",,,,,,"456183530","Bridgeman Dental",,,,"17:00","Monday - Thursday","08:00","Mo-Th 08:00-17:00",,,,,,,,,,,,,,,,,,,,,"(972) 424-7581",,,,,"https://www.yellowpages.com/plano-tx/mip/bridgeman-dental-456183530","https://www.bridgemandental.com","55"
"Plano","US","1401 Jupiter Rd Ste 103, Plano, TX, 75074","TX","1401 Jupiter Rd Ste 103","75074",,"Dentists","Oral &amp; Maxillofacial Surgery",,,,"Mo-Th 09:00-17:00",,,,,,"5270018","Ann Eun Bok Yi, DDS",,,,"17:00","Monday - Thursday","09:00","Mo-Th 09:00-17:00",,,,,,,,,,,,,,,,,,,,,"(469) 241-0350",,,,,"https://www.yellowpages.com/plano-tx/mip/ann-eun-bok-yi-dds-5270018","http://familydentistry.com","22"
"Plano","US","4500 Legacy Dr, Plano, TX, 75024","TX","4500 Legacy Dr","75024",,"Dentists","Oral &amp; Maxillofacial Surgery","Pediatric Dentistry",,,"Mo-Tu 07:00-18:00","Th 07:00-18:00","Fr 07:00-14:00",,,,"478846363","Jie, Su, DDS",,"closed now","closed now","18:00","Monday - Tuesday","07:00","Mo-Tu 07:00-18:00","18:00","Thursday","07:00","Th 07:00-18:00","14:00","Friday","07:00","Fr 07:00-14:00",,,,,,,,,,,,,"(972) 618-2958",,,,,"https://www.yellowpages.com/plano-tx/mip/jie-su-dds-478846363","http://www.asmilekidsdental.com",
"Plano","US","4701 W Park Blvd, Plano, TX, 75093","TX","4701 W Park Blvd","75093",,"Dentists",,,,,"Mo-Th 08:20-17:20",,,,,,"10773216","Dental Arts Of Plano",,"closed now","closed now","17:20","Monday - Thursday","08:20","Mo-Th 08:20-17:20",,,,,,,,,,,,,,,,,,,,,"(972) 985-4450","4.8","5","I recently had my operation and I didn't feel anything! I woke up and my wisdom tooth was gone!""","https://i4.ypcdn.com/blob/9067639791919ed0e3fd8def1e66e70a126cf73a_130x130_crop.jpg?6046996
","https://www.yellowpages.com/plano-tx/mip/dental-arts-of-plano-10773216","http://dentalartsofplano.com",
"Plano","US","6505 W Park Blvd Ste 132, Plano, TX, 75093","TX","6505 W Park Blvd Ste 132","75093","Wheelchair accessible","Dentists",,,,,"Mo-Fr 08:00-18:00",,,,,,"471037082","H Dale Woodard D D S",,,,"18:00","Monday - Friday","08:00","Mo-Fr 08:00-18:00",,,,,,,,,,,,,,,,,,,,,"(972) 378-3786",,,,,"https://www.yellowpages.com/plano-tx/mip/h-dale-woodard-d-d-s-471037082","http://hdalewoodarddds.localsearch.com",
"Plano","US","5501 Independence Pkwy Ste 107, Plano, TX, 75023","TX","5501 Independence Pkwy Ste 107","75023",,"Dentists","Oral &amp; Maxillofacial Surgery",,,,"Mo 09:00-17:30","Tu-Th 08:00-17:00","Fr 09:00-12:00",,,,"472915054","Powe Regina",,,,"17:30","Monday","09:00","Mo 09:00-17:30","17:00","Tuesday - Thursday","08:00","Tu-Th 08:00-17:00","12:00","Friday","09:00","Fr 09:00-12:00",,,,,,,,,,,,,"(972) 964-5928",,,,,"https://www.yellowpages.com/plano-tx/mip/powe-regina-472915054","https://twitter.com/reginapowedds","33"
"Plano","US","4105 W Spring Creek Pkwy, Plano, TX, 75024","TX","4105 W Spring Creek Pkwy","75024",,"Dentists",,,,,,,,,,,"10200156","Dr. Sanjay V Rao DDS",,,,,,,,,,,,,,,,,,,,,,,,,,,,"(972) 596-3300",,,,,"https://www.yellowpages.com/plano-tx/mip/dr-sanjay-v-rao-dds-10200156","http://drsanjayvraodds.localsearch.com",
"Plano","US","6317 Preston Road Suite 500, Plano, TX, 75024","TX","6317 Preston Road Suite 500","75024",,"Dentists","Dental Hygienists","Dental Clinics",,,,,,,,,"7499536","Haight Family Dentistry",,,,,,,,,,,,,,,,,,,,,,,,,,,,"(972) 527-5555",,,,,"https://www.yellowpages.com/plano-tx/mip/haight-family-dentistry-7499536","http://www.drhaight.com","31"
"Plano","US","1820 Coit Rd, Plano, TX, 75075","TX","1820 Coit Rd","75075",,"Dentists","Prosthodontists &amp; Denture Centers",,,,,,,,,,"453477790","Dumbrigue, Herman B, DMD",,,,,,,,,,,,,,,,,,,,,,,,,,,,"(972) 964-8989",,,,,"https://www.yellowpages.com/plano-tx/mip/dumbrigue-herman-b-dmd-453477790","http://westparkvillagedental.com",
"Plano","US","3105 Legacy Dr Ste B, Plano, TX, 75023","TX","3105 Legacy Dr Ste B","75023",,"Dentists","Orthodontists","Pediatric Dentistry",,,"Mo 09:00-17:30","Tu-Th 08:00-17:00","Fr 09:00-12:00",,,,"4076074","Ronald Todd McConnell, DDS",,,,"17:30","Monday","09:00","Mo 09:00-17:30","17:00","Tuesday - Thursday","08:00","Tu-Th 08:00-17:00","12:00","Friday","09:00","Fr 09:00-12:00",,,,,,,,,,,,,"(972) 491-2136",,,,,"https://www.yellowpages.com/plano-tx/mip/ronald-todd-mcconnell-dds-4076074","http://www.legacyfamilydental.com","8"
"Plano","US","5800 Coit Rd Ste 100, Plano, TX, 75023","TX","5800 Coit Rd Ste 100","75023",,"Dentists","Pediatric Dentistry","Dental Clinics",,,"Mo-Th 07:00-15:00",,,,,,"129343","McDonald & Luck DDS",,"closed now","closed now","15:00","Monday - Thursday","07:00","Mo-Th 07:00-15:00",,,,,,,,,,,,,,,,,,,,,"(469) 649-0699",,,,,"https://www.yellowpages.com/plano-tx/mip/mcdonald-luck-dds-129343","https://mcdonalddds.com",
"Plano","US","6833 Coit Rd Ste 101, Plano, TX, 75024","TX","6833 Coit Rd Ste 101","75024",,"Dentists","Oral &amp; Maxillofacial Surgery","Prosthodontists &amp; Denture Centers",,,"Mo-Tu 07:00-18:00","Th 07:00-18:00","Fr 07:00-14:00",,,,"1849077","Chester Neal Epperson, DDS",,,,"18:00","Monday - Tuesday","07:00","Mo-Tu 07:00-18:00","18:00","Thursday","07:00","Th 07:00-18:00","14:00","Friday","07:00","Fr 07:00-14:00",,,,,,,,,,,,,"(972) 618-6180",,,,,"https://www.yellowpages.com/plano-tx/mip/chester-neal-epperson-dds-1849077","http://yellowpages.com/plano-tx/mip/dr-thomas-simmons-466103215","37"
"Plano","US","1301 Custer Rd Ste 460, Plano, TX, 75075","TX","1301 Custer Rd Ste 460","75075",,"Dentists",,,,,,,,,,,"470141339","Sethi Mudita DMD",,,,,,,,,,,,,,,,,,,,,,,,,,,,"(972) 423-3539",,,,,"https://www.yellowpages.com/plano-tx/mip/sethi-mudita-dmd-470141339","http://sethimuditadmd470141339.localsearch.com",
"Plano","US","6841 Coit Rd, Plano, TX, 75024","TX","6841 Coit Rd","75024","Wheelchair accessible","Dentists",,,,,,,,,,,"466102699","Dr. Annalynn Pappas, DDS",,,,,,,,,,,,,,,,,,,,,,,,,,,,"(972) 618-5000",,,,,"https://www.yellowpages.com/plano-tx/mip/dr-annalynn-pappas-dds-466102699","https://www.imagecaredentalgroup.com",
"Plano","US","8100 Dallas Pkwy Ste 211, Plano, TX, 75024","TX","8100 Dallas Pkwy Ste 211","75024",,"Dentists",,,,,"Mo-Fr 08:00-17:00",,,,,,"959991","Deanna E Banks, DDS",,,,"17:00","Monday - Friday","08:00","Mo-Fr 08:00-17:00",,,,,,,,,,,,,,,,,,,,,"(972) 377-3121",,,,"https://i4.ypcdn.com/blob/97b5892eb82de44a5f941d173ef7172dc8b5ac65_130x130_crop.jpg?6046996
","https://www.yellowpages.com/plano-tx/mip/deanna-e-banks-dds-959991","http://banksdds.net","23"
"Plano","US","1108 W Parker Rd Ste 112, Plano, TX, 75075","TX","1108 W Parker Rd Ste 112","75075","Wheelchair accessible","Dentists",,,,,,,,,,,"474795026","Daigo Mizuno",,,,,,,,,,,,,,,,,,,,,,,,,,,,"(972) 424-3064",,,,,"https://www.yellowpages.com/plano-tx/mip/daigo-mizuno-474795026","http://daigomizuno474795026.localsearch.com",
"Plano","US","8100 Dallas Pkwy Ste 211, Plano, TX, 75024","TX","8100 Dallas Pkwy Ste 211","75024",,"Dentists",,,,,"Mo 08:00-16:00","Tu-Th 11:00-19:00","Fr 09:00-17:00","Sa 08:00-14:00",,,"472516597","Sai Dental",,"closed now","closed now","16:00","Monday","08:00","Mo 08:00-16:00","19:00","Tuesday - Thursday","11:00","Tu-Th 11:00-19:00","17:00","Friday","09:00","Fr 09:00-17:00","14:00","Saturday","08:00","Sa 08:00-14:00",,,,,,,,,"(972) 468-9339",,,,,"https://www.yellowpages.com/plano-tx/mip/sai-dental-472516597","http://www.mysaidental.com",
"Plano","US","6150 Independence Pkwy, Plano, TX, 75023","TX","6150 Independence Pkwy","75023",,"Dentists","Oral &amp; Maxillofacial Surgery",,,,"Mo 09:00-17:30","Tu-Th 08:00-17:00","Fr 09:00-12:00",,,,"11097008","Alloju, Suzy, DDS",,,,"17:30","Monday","09:00","Mo 09:00-17:30","17:00","Tuesday - Thursday","08:00","Tu-Th 08:00-17:00","12:00","Friday","09:00","Fr 09:00-12:00",,,,,,,,,,,,,"(972) 491-7500",,,,,"https://www.yellowpages.com/plano-tx/mip/alloju-suzy-dds-11097008","http://www.wmschelldds.com","41"
"Plano","US","3020 Legacy Dr Ste 210, Plano, TX, 75023","TX","3020 Legacy Dr Ste 210","75023",,"Dentists","Orthodontists","Prosthodontists &amp; Denture Centers",,,"Mo-Th 08:30-17:00","Fr 08:30-12:00",,,,,"21895481","Dr. Charles Sizemore",,,,"17:00","Monday - Thursday","08:30","Mo-Th 08:30-17:00","12:00","Friday","08:30","Fr 08:30-12:00",,,,,,,,,,,,,,,,,"(972) 491-1434",,,,,"https://www.yellowpages.com/plano-tx/mip/dr-charles-sizemore-21895481","http://www.dentistinplanotexas.net","43"
"Richardson","US","291 W Renner Rd, Richardson, TX, 75080","TX","291 W Renner Rd","75080",,"Dentists","Periodontists","Oral &amp; Maxillofacial Surgery",,,"Mo-Sa 09:00-17:00",,,,,,"478728379","Stewart Carl B Jr DDS Inc",,"closed now","closed now","17:00","Monday - Saturday","09:00","Mo-Sa 09:00-17:00",,,,,,,,,,,,,,,,,,,,,"(972) 238-9691",,,,,"https://www.yellowpages.com/richardson-tx/mip/stewart-carl-b-jr-dds-inc-478728379","http://yellowpages.com/richardson-tx/mip/faiz-allen-9112492",
"Plano","US","6800 Alma Dr Ste 101, Plano, TX, 75023","TX","6800 Alma Dr Ste 101","75023","Wheelchair accessible","Dentists",,,,,,,,,,,"466063087","Dr. Dong Nguyen, DDS",,,,,,,,,,,,,,,,,,,,,,,,,,,,"(469) 467-8007",,,,,"https://www.yellowpages.com/plano-tx/mip/dr-dong-nguyen-dds-466063087","http://drdongnguyendds.localsearch.com",
"Richardson","US","291 W Renner Rd, Richardson, TX, 75080","TX","291 W Renner Rd","75080","Wheelchair accessible","Dentists",,,,,"Mo-Th 08:00-17:00","Fr 08:00-12:00",,,,,"4532208","Watson Family Dentistry - W Renner Rd Location",,,,"17:00","Monday - Thursday","08:00","Mo-Th 08:00-17:00","12:00","Friday","08:00","Fr 08:00-12:00",,,,,,,,,,,,,,,,,"(972) 234-0626",,,,,"https://www.yellowpages.com/richardson-tx/mip/watson-family-dentistry-w-renner-rd-location-4532208","https://jamesmwatsondds.com",
"Plano","US","1212 Coit Rd Ste 107, Plano, TX, 75075","TX","1212 Coit Rd Ste 107","75075",,"Dentists","Endodontists","Oral &amp; Maxillofacial Surgery",,,"Mo-Fr 07:00-15:00",,,,,,"5699952","Timothy Icenhower DDS",,,,"15:00","Monday - Friday","07:00","Mo-Fr 07:00-15:00",,,,,,,,,,,,,,,,,,,,,"(972) 673-0304",,,,,"https://www.yellowpages.com/plano-tx/mip/timothy-icenhower-dds-5699952","http://timothyicenhowerdds.localsearch.com","29"
"Plano","US","6533 Preston Rd Ste 200, Plano, TX, 75024","TX","6533 Preston Rd Ste 200","75024",,"Dentists","Oral &amp; Maxillofacial Surgery",,,,"Mo-Tu 07:00-18:00","Th 07:00-18:00","Fr 07:00-14:00",,,,"12864599","Mielcarek, Vivian, DDS",,,,"18:00","Monday - Tuesday","07:00","Mo-Tu 07:00-18:00","18:00","Thursday","07:00","Th 07:00-18:00","14:00","Friday","07:00","Fr 07:00-14:00",,,,,,,,,,,,,"(972) 608-1000",,,,,"https://www.yellowpages.com/plano-tx/mip/mielcarek-vivian-dds-12864599","http://yellowpages.com/plano-tx/mip/dr-thomas-simmons-466103215","31"
"Plano","US","2865 Mcdermott Rd Ste 220, Plano, TX, 75025","TX","2865 Mcdermott Rd Ste 220","75025",,"Dentists","Dental Clinics","Oral &amp; Maxillofacial Surgery",,,"Mo-Th 09:00-17:00","Fr 09:00-12:30",,,,,"12021927","Softtouch Dental And Implant Center",,"closed now","closed now","17:00","Monday - Thursday","09:00","Mo-Th 09:00-17:00","12:30","Friday","09:00","Fr 09:00-12:30",,,,,,,,,,,,,,,,,"(214) 644-0010",,,,"https://i4.ypcdn.com/blob/781a82fae7370d8b090ea1a9ea387189e8162b46_130x130_crop.jpg?6046996
","https://www.yellowpages.com/plano-tx/mip/softtouch-dental-and-implant-center-12021927","http://www.softtouchdentist.net",
"Plano","US","5934 W Parker Rd Ste 400, Plano, TX, 75093","TX","5934 W Parker Rd Ste 400","75093","Wheelchair accessible","Dentists","Cosmetic Dentistry",,,,"Mo-Tu 08:00-17:00","Th 08:00-17:00","Fr 07:30-13:30",,,,"459623832","Fred M. Rabinowitz DDS, PA",,,,"17:00","Monday - Tuesday","08:00","Mo-Tu 08:00-17:00","17:00","Thursday","08:00","Th 08:00-17:00","13:30","Friday","07:30","Fr 07:30-13:30",,,,,,,,,,,,,"(972) 867-5989",,,,"https://i4.ypcdn.com/blob/d5c2c11dbba980647323a2039c2255e2aacb9f81_130x130_crop.jpg?6046996
","https://www.yellowpages.com/plano-tx/mip/fred-m-rabinowitz-dds-pa-459623832","http://www.rabinowitzdds.com",
"Plano","US","204 Coit Rd Ste 100, Plano, TX, 75075","TX","204 Coit Rd Ste 100","75075",,"Dentists","Oral &amp; Maxillofacial Surgery",,,,"Mo-Fr 07:00-15:00",,,,,,"469874342","Ashley Nicholson DDS",,"closed now","closed now","15:00","Monday - Friday","07:00","Mo-Fr 07:00-15:00",,,,,,,,,,,,,,,,,,,,,"(972) 309-1600",,,,,"https://www.yellowpages.com/plano-tx/mip/ashley-nicholson-dds-469874342","http://yellowpages.com/plano-tx/mip/vitality-dental-459297427",
"Plano","US","7924 Preston Rd, Ste200, Plano, TX, 75024","TX","7924 Preston Rd, Ste200","75024","Wheelchair accessible","Dentists",,,,,"Mo-We 09:00-18:00","Th 07:00-16:00","Fr 09:00-18:00","Sa 09:00-13:00",,,"3015681","Bindu Madhavi Kolli, DMD",,,,"18:00","Monday - Wednesday","09:00","Mo-We 09:00-18:00","16:00","Thursday","07:00","Th 07:00-16:00","18:00","Friday","09:00","Fr 09:00-18:00","13:00","Saturday","09:00","Sa 09:00-13:00",,,,,,,,,"(469) 535-6939","4.33","3",,"https://i4.ypcdn.com/blob/a54ec486c34d4e75d44fefec3af86731720000bd_130x130_crop.jpg?6046996
","https://www.yellowpages.com/plano-tx/mip/bindu-madhavi-kolli-dmd-3015681","http://www.southforkdental.com",
"Plano","US","6841 Coit Rd, Plano, TX, 75024","TX","6841 Coit Rd","75024",,"Dentists","Orthodontists","Prosthodontists &amp; Denture Centers",,,"Mo-Th 07:30-17:00","Fr 07:30-16:00","Sa 08:00-15:00",,,,"478837994","Steven P Thompson, DDS",,,,"17:00","Monday - Thursday","07:30","Mo-Th 07:30-17:00","16:00","Friday","07:30","Fr 07:30-16:00","15:00","Saturday","08:00","Sa 08:00-15:00",,,,,,,,,,,,,"(972) 618-5000",,,,"https://i4.ypcdn.com/blob/b266d5220db1246d40ac2eafc4358f71ee31e664_130x130_crop.jpg?6046996
","https://www.yellowpages.com/plano-tx/mip/steven-p-thompson-dds-478837994","https://www.imagecaredentalgroup.com","28"
"Plano","US","1524 Independence Pkwy, Plano, TX, 75075","TX","1524 Independence Pkwy","75075","Wheelchair accessible","Dentists","Oral &amp; Maxillofacial Surgery","Prosthodontists &amp; Denture Centers",,,"Mo-Tu 08:00-17:00","We 07:00-14:00","Th 08:00-17:00",,,,"459441604","Jason Lee Montgomery, DDS",,,,"17:00","Monday - Tuesday","08:00","Mo-Tu 08:00-17:00","14:00","Wednesday","07:00","We 07:00-14:00","17:00","Thursday","08:00","Th 08:00-17:00",,,,,,,,,,,,,"(972) 398-1996",,,,,"https://www.yellowpages.com/plano-tx/mip/jason-lee-montgomery-dds-459441604","http://jasonleemontgomerydds.localsearch.com",
"Plano","US","609 W 15th St Ste 130, Plano, TX, 75075","TX","609 W 15th St Ste 130","75075","Wheelchair accessible","Dentists",,,,,,,,,,,"463742531","Mansour, Mohammed J, DDS",,,,,,,,,,,,,,,,,,,,,,,,,,,,"(971) 423-3322",,,,,"https://www.yellowpages.com/plano-tx/mip/mansour-mohammed-j-dds-463742531","http://www.planodentaldistinction.com",
"Plano","US","3920 Mcdermott Rd, Plano, TX, 75025","TX","3920 Mcdermott Rd","75025",,"Dentists",,,,,"Mo 08:00-17:00","Fr 08:00-15:00","Sa 09:00-15:00",,,,"476043362","Plano Dental Loft PLLC",,"closed now","closed now","17:00","Monday","08:00","Mo 08:00-17:00","15:00","Friday","08:00","Fr 08:00-15:00","15:00","Saturday","09:00","Sa 09:00-15:00",,,,,,,,,,,,,"(469) 362-5216",,,,"https://i4.ypcdn.com/blob/4419d999e874e990387aa219db8b5ef574dbb248_130x130_crop.jpg?6046996
","https://www.yellowpages.com/plano-tx/mip/plano-dental-loft-pllc-476043362","https://primedds.com",
"Plano","US","5800 Coit Rd Ste 400, Plano, TX, 75023","TX","5800 Coit Rd Ste 400","75023",,"Dentists","Oral &amp; Maxillofacial Surgery",,,,"Mo 09:00-17:30","Tu-Th 08:00-17:00","Fr 09:00-12:00",,,,"5810117","Fields, Arthur W, DDS",,,,"17:30","Monday","09:00","Mo 09:00-17:30","17:00","Tuesday - Thursday","08:00","Tu-Th 08:00-17:00","12:00","Friday","09:00","Fr 09:00-12:00",,,,,,,,,,,,,"(972) 985-1300",,,,"https://i4.ypcdn.com/blob/48f46b0c2d028f0e89f6a78d132ca5b38858aa90_130x130_crop.jpg?6046996
","https://www.yellowpages.com/plano-tx/mip/fields-arthur-w-dds-5810117","http://fieldsarthurwdds.localsearch.com","35"
"Plano","US","305 W Spring Creek Pkwy Ste 100, Plano, TX, 75023","TX","305 W Spring Creek Pkwy Ste 100","75023",,"Dentists",,,,,"Mo-Tu 09:00-15:00","Th-Sa 09:00-15:00",,,,,"3585890","Yenchi Le, DDS",,,,"15:00","Monday - Tuesday","09:00","Mo-Tu 09:00-15:00","15:00","Thursday - Saturday","09:00","Th-Sa 09:00-15:00",,,,,,,,,,,,,,,,,"(972) 312-1840",,,,,"https://www.yellowpages.com/plano-tx/mip/yenchi-le-dds-3585890","http://www.icondental.com","25"
"Plano","US","8000 Coit Rd Ste 200, Plano, TX, 75025","TX","8000 Coit Rd Ste 200","75025","Wheelchair accessible","Dentists",,,,,,,,,,,"471057343","Johnson, Phillip H, DDS",,,,,,,,,,,,,,,,,,,,,,,,,,,,"(972) 335-5455",,,,,"https://www.yellowpages.com/plano-tx/mip/johnson-phillip-h-dds-471057343","http://yoursmiledentalclinic.com",
"Plano","US","5501 Independence Pkwy Ste 204, Plano, TX, 75023","TX","5501 Independence Pkwy Ste 204","75023",,"Dentists","Periodontists","Endodontists",,,"Mo-Su",,,,,,"3845974","Peck, Michael Dds",,,,,,,"Mo-Su",,,,,,,,,,,,,,,,,,,,,"(972) 596-5868",,,,,"https://www.yellowpages.com/plano-tx/mip/peck-michael-dds-3845974","http://peckmichaeldds.localsearch.com","40"
"Plano","US","3105 W 15th St Ste A1, Plano, TX, 75075","TX","3105 W 15th St Ste A1","75075","Wheelchair accessible","Dentists","Oral &amp; Maxillofacial Surgery",,,,"Mo-Fr 07:00-15:00",,,,,,"453622662","Dennis Michael Statz, DDS",,,,"15:00","Monday - Friday","07:00","Mo-Fr 07:00-15:00",,,,,,,,,,,,,,,,,,,,,"(972) 596-3405",,,,,"https://www.yellowpages.com/plano-tx/mip/dennis-michael-statz-dds-453622662","http://yellowpages.com/plano-tx/mip/vitality-dental-459297427",
"Plano","US","5509 Pleasant Valley Dr Ste 90A, Plano, TX, 75023","TX","5509 Pleasant Valley Dr Ste 90A","75023",,"Dentists","Oral &amp; Maxillofacial Surgery",,,,"Mo 09:00-17:30","Tu-Th 08:00-17:00","Fr 09:00-12:00",,,,"22546172","Kyle McCracken",,,,"17:30","Monday","09:00","Mo 09:00-17:30","17:00","Tuesday - Thursday","08:00","Tu-Th 08:00-17:00","12:00","Friday","09:00","Fr 09:00-12:00",,,,,,,,,,,,,"(972) 596-1503",,,,,"https://www.yellowpages.com/plano-tx/mip/kyle-mccracken-22546172","http://kylemccrackendds.com","19"
"Plano","US","1200 Coit Rd Ste 100, Plano, TX, 75075","TX","1200 Coit Rd Ste 100","75075",,"Dentists","Cosmetic Dentistry",,,,"Mo-Tu 08:00-17:00","We 07:30-12:30","Th 07:00-15:00",,,,"453656697","Dr. Jacob Grapevine, DDS",,,,"17:00","Monday - Tuesday","08:00","Mo-Tu 08:00-17:00","12:30","Wednesday","07:30","We 07:30-12:30","15:00","Thursday","07:00","Th 07:00-15:00",,,,,,,,,,,,,"(972) 596-3702",,,,"https://i4.ypcdn.com/blob/27016d552491483752f6beb4dd97dfe13def62f3_130x130_crop.jpg?6046996
","https://www.yellowpages.com/plano-tx/mip/dr-jacob-grapevine-dds-453656697","http://www.drgrapevinedds.com","22"
"Plano","US","5501 Independence Pkwy Ste 110, Plano, TX, 75023","TX","5501 Independence Pkwy Ste 110","75023",,"Dentists","Oral &amp; Maxillofacial Surgery",,,,"Mo-Fr 07:00-19:00",,,,,,"459400669","DR Lugo DMD",,"closed now","closed now","19:00","Monday - Friday","07:00","Mo-Fr 07:00-19:00",,,,,,,,,,,,,,,,,,,,,"(972) 867-1222",,,,,"https://www.yellowpages.com/plano-tx/mip/dr-lugo-dmd-459400669","http://yellowpages.com/plano-tx/mip/james-dean-jensen-dds-msd-pa-8293203",
"Plano","US","2109 W Spring Creek Pkwy, Plano, TX, 75023","TX","2109 W Spring Creek Pkwy","75023",,"Dentists","Prosthodontists &amp; Denture Centers","Dental Hygienists",,,"Mo 09:00-17:00","Tu-Fr 08:30-18:00",,,,,"2280321","Adkins James M DDS",,,,"17:00","Monday","09:00","Mo 09:00-17:00","18:00","Tuesday - Friday","08:30","Tu-Fr 08:30-18:00",,,,,,,,,,,,,,,,,"(972) 208-2457",,,,"https://i4.ypcdn.com/blob/ab97f2cb17fd866fcf119955f9cd6c58eac68a98_130x130_crop.jpg?6046996
","https://www.yellowpages.com/plano-tx/mip/adkins-james-m-dds-2280321","http://www.planodentist.net","46"
"Plano","US","5509 Pleasant Valley Dr, Plano, TX, 75023","TX","5509 Pleasant Valley Dr","75023",,"Dentists",,,,,,,,,,,"463612448","Cragun, Jacob D, DDS",,,,,,,,,,,,,,,,,,,,,,,,,,,,"(972) 964-3636",,,,,"https://www.yellowpages.com/plano-tx/mip/cragun-jacob-d-dds-463612448","http://cragunjacobddds.localsearch.com",
"Plano","US","5805 Coit Rd Ste 404, Plano, TX, 75093","TX","5805 Coit Rd Ste 404","75093",,"Dentists","Oral &amp; Maxillofacial Surgery",,,,"Mo 08:00-17:00","Tu 07:00-16:00","We 08:00-17:00","Th 07:00-14:00",,,"6464133","Kirk Chilton Hooper, DDS",,,,"17:00","Monday","08:00","Mo 08:00-17:00","16:00","Tuesday","07:00","Tu 07:00-16:00","17:00","Wednesday","08:00","We 08:00-17:00","14:00","Thursday","07:00","Th 07:00-14:00",,,,,,,,,"(972) 867-5185",,,,"https://i4.ypcdn.com/blob/b7fab870891f1e1a4159c38715ad8ced37d2f423_130x130_crop.jpg?6046996
","https://www.yellowpages.com/plano-tx/mip/kirk-chilton-hooper-dds-6464133","http://veerajpateldds.com","39"
"Plano","US","5501 Independence Pkwy, Plano, TX, 75023","TX","5501 Independence Pkwy","75023",,"Dentists","Oral &amp; Maxillofacial Surgery","Prosthodontists &amp; Denture Centers",,,"Mo-Tu 08:00-17:00","We 09:00-13:00","Th 08:00-18:00",,,,"459319474","Kellar, Patricia N, DDS",,"closed now","closed now","17:00","Monday - Tuesday","08:00","Mo-Tu 08:00-17:00","13:00","Wednesday","09:00","We 09:00-13:00","18:00","Thursday","08:00","Th 08:00-18:00",,,,,,,,,,,,,"(972) 612-9737",,,,,"https://www.yellowpages.com/plano-tx/mip/kellar-patricia-n-dds-459319474","https://www.patriciakellardds.com",
"Plano","US","5850 K Ave Ste 300, Plano, TX, 75074","TX","5850 K Ave Ste 300","75074","Wheelchair accessible","Dentists",,,,,,,,,,,"478728090","Nguyen, Hien T, DDS",,,,,,,,,,,,,,,,,,,,,,,,,,,,"(972) 422-8662",,,,,"https://www.yellowpages.com/plano-tx/mip/nguyen-hien-t-dds-478728090","http://nguyenhientdds.localsearch.com",
"Plano","US","1928 Carmel Dr, Plano, TX, 75075","TX","1928 Carmel Dr","75075",,"Dentists","Oral &amp; Maxillofacial Surgery",,,,"Mo-Th 08:00-16:00","Fr 08:00-15:00",,,,,"453551470","Larry R Stewart DDS MS",,"closed now","closed now","16:00","Monday - Thursday","08:00","Mo-Th 08:00-16:00","15:00","Friday","08:00","Fr 08:00-15:00",,,,,,,,,,,,,,,,,"(972) 424-8668",,,,,"https://www.yellowpages.com/plano-tx/mip/larry-r-stewart-dds-ms-453551470","http://larryrstewartddsms.localsearch.com",
"Plano","US","700 Alma Dr, Plano, TX, 75075","TX","700 Alma Dr","75075",,"Dentists","Dental Clinics","Implant Dentistry",,,"Mo-Tu 09:00-17:00","We 09:00-13:00","Th-Fr 09:00-17:00","Sa 09:00-15:00",,,"466139587","Oh, Young J, DDS",,"closed now","closed now","17:00","Monday - Tuesday","09:00","Mo-Tu 09:00-17:00","13:00","Wednesday","09:00","We 09:00-13:00","17:00","Thursday - Friday","09:00","Th-Fr 09:00-17:00","15:00","Saturday","09:00","Sa 09:00-15:00",,,,,,,,,"(972) 423-6804",,,,"https://i4.ypcdn.com/blob/5210a9761766a81f6c621d1d5d44f2fdf7e4bbd4_130x130_crop.jpg?6046996
","https://www.yellowpages.com/plano-tx/mip/oh-young-j-dds-466139587","http://scdentalimplant.com",
"Plano","US","5961 Dallas Pkwy Ste 600, Plano, TX, 75093","TX","5961 Dallas Pkwy Ste 600","75093",,"Dentists","Oral &amp; Maxillofacial Surgery",,,,"Mo 09:00-18:00","Tu-We 07:00-18:00","Th 07:00-15:30","Fr 07:00-12:00",,,"473276590","Pincus, Michael",,,,"18:00","Monday","09:00","Mo 09:00-18:00","18:00","Tuesday - Wednesday","07:00","Tu-We 07:00-18:00","15:30","Thursday","07:00","Th 07:00-15:30","12:00","Friday","07:00","Fr 07:00-12:00",,,,,,,,,"(972) 416-2330",,,,,"https://www.yellowpages.com/plano-tx/mip/pincus-michael-473276590","https://www.parkhavendental.com","44"
"Plano","US","5800 Coit Rd Ste 600, Plano, TX, 75023","TX","5800 Coit Rd Ste 600","75023",,"Dentists","Pediatric Dentistry","Oral &amp; Maxillofacial Surgery",,,"Mo-Fr 08:00-17:00",,,,,,"14737523","Jeffrey Jaynes, DDS",,,,"17:00","Monday - Friday","08:00","Mo-Fr 08:00-17:00",,,,,,,,,,,,,,,,,,,,,"(972) 491-3916",,,,,"https://www.yellowpages.com/plano-tx/mip/jeffrey-jaynes-dds-14737523","http://www.drjaynes.com","19"
"Plano","US","4105 W Spring Creek Pkwy Ste 502, Plano, TX, 75024","TX","4105 W Spring Creek Pkwy Ste 502","75024","Wheelchair accessible","Dentists","Implant Dentistry","Cosmetic Dentistry",,,,,,,,,"453614110","James David Sandridge, DDS",,,,,,,,,,,,,,,,,,,,,,,,,,,,"(972) 964-7500",,,,,"https://www.yellowpages.com/plano-tx/mip/james-david-sandridge-dds-453614110","http://jamesdavidsandridgedds.localsearch.com",
"Plano","US","1818 K Ave, Plano, TX, 75074","TX","1818 K Ave","75074",,"Dentists","Orthodontists",,,,"Mo-Tu 10:00-18:00","We 09:00-17:00","Th-Fr 10:00-18:00","Sa 09:00-13:00",,,"475186090","Sunshine Family Dentistry",,"closed now","closed now","18:00","Monday - Tuesday","10:00","Mo-Tu 10:00-18:00","17:00","Wednesday","09:00","We 09:00-17:00","18:00","Thursday - Friday","10:00","Th-Fr 10:00-18:00","13:00","Saturday","09:00","Sa 09:00-13:00",,,,,,,,,"(972) 516-1818",,,,,"https://www.yellowpages.com/plano-tx/mip/sunshine-family-dentistry-475186090","http://sunshinefamilydentistry475186090.localsearch.com",
"Richardson","US","3610 Shire Blvd Ste 204, Richardson, TX, 75082","TX","3610 Shire Blvd Ste 204","75082","Wheelchair accessible","Dentists",,,,,,,,,,,"468881957","Mitchell M Kim, DDS",,,,,,,,,,,,,,,,,,,,,,,,,,,,"(972) 578-6633",,,,,"https://www.yellowpages.com/richardson-tx/mip/mitchell-m-kim-dds-468881957","http://mitchellmkimdds.localsearch.com",
"Plano","US","5501 Independence Pkwy Ste 200, Plano, TX, 75023","TX","5501 Independence Pkwy Ste 200","75023",,"Dentists","Oral &amp; Maxillofacial Surgery",,,,"Mo 09:00-17:30","Tu-Th 08:00-17:00","Fr 09:00-12:00",,,,"3607709","Wilson Frank Howell, DDS",,,,"17:30","Monday","09:00","Mo 09:00-17:30","17:00","Tuesday - Thursday","08:00","Tu-Th 08:00-17:00","12:00","Friday","09:00","Fr 09:00-12:00",,,,,,,,,,,,,"(972) 867-8882",,,,"https://i4.ypcdn.com/blob/4b690f680522d3da8f5f5d6d8cd7e8c519b7678e_130x130_crop.jpg?6046996
","https://www.yellowpages.com/plano-tx/mip/wilson-frank-howell-dds-3607709","http://yellowpages.com/plano-tx/mip/james-dean-jensen-dds-msd-pa-8293203","37"
"Plano","US","910 W Parker Rd, Plano, TX, 75075","TX","910 W Parker Rd","75075",,"Dentists",,,,,"Mo-Tu 08:00-17:00","We 10:00-18:00","Fr 08:00-17:00","Sa 08:00-14:00",,,"10451890","Ultimate Dental Care",,,,"17:00","Monday - Tuesday","08:00","Mo-Tu 08:00-17:00","18:00","Wednesday","10:00","We 10:00-18:00","17:00","Friday","08:00","Fr 08:00-17:00","14:00","Saturday","08:00","Sa 08:00-14:00",,,,,,,,,"(972) 422-2927","5","1",,,"https://www.yellowpages.com/plano-tx/mip/ultimate-dental-care-10451890","http://www.ultimatedentalplano.com","26"
"Plano","US","6541 Preston Road Ste 100, Plano, TX, 75024","TX","6541 Preston Road Ste 100","75024",,"Dentists","Dental Hygienists","Prosthodontists &amp; Denture Centers",,,"Mo-Th 08:00-17:00",,,,,,"12573483","Advanced Dental Center",,,,"17:00","Monday - Thursday","08:00","Mo-Th 08:00-17:00",,,,,,,,,,,,,,,,,,,,,"(972) 781-0209","5","5",,"https://i4.ypcdn.com/blob/f30012ce420116649b1c9b42719d5a9132e6b47f_130x130_crop.jpg?6046996
","https://www.yellowpages.com/plano-tx/mip/advanced-dental-center-12573483","http://www.theadcsmile.com","21"
"Plano","US","5509 Pleasant Valley Dr Ste 90B, Plano, TX, 75023","TX","5509 Pleasant Valley Dr Ste 90B","75023","Wheelchair accessible","Dentists","Oral &amp; Maxillofacial Surgery",,,,"Mo 09:00-17:30","Tu-Th 08:00-17:00","Fr 09:00-12:00",,,,"4365524","Aleksandra Anastasya Morel, DDS",,,,"17:30","Monday","09:00","Mo 09:00-17:30","17:00","Tuesday - Thursday","08:00","Tu-Th 08:00-17:00","12:00","Friday","09:00","Fr 09:00-12:00",,,,,,,,,,,,,"(972) 398-0020",,,,,"https://www.yellowpages.com/plano-tx/mip/aleksandra-anastasya-morel-dds-4365524","http://yellowpages.com/plano-tx/mip/james-dean-jensen-dds-msd-pa-8293203",
"Plano","US","1605 G Ave, Plano, TX, 75074","TX","1605 G Ave","75074",,"Dentists",,,,,"Mo 09:00-17:30","Tu-Th 08:00-17:00","Fr 09:00-12:00",,,,"8715421","James Dean Jensen DDS, MS, PA",,"closed now","closed now","17:30","Monday","09:00","Mo 09:00-17:30","17:00","Tuesday - Thursday","08:00","Tu-Th 08:00-17:00","12:00","Friday","09:00","Fr 09:00-12:00",,,,,,,,,,,,,"(972) 422-0277",,,,,"https://www.yellowpages.com/plano-tx/mip/james-dean-jensen-dds-ms-pa-8715421","https://www.jensensmiles.com/east-plano-office-location",
"Plano","US","7120 Coit Rd, Plano, TX, 75025","TX","7120 Coit Rd","75025",,"Dentists","Oral &amp; Maxillofacial Surgery",,,,"Mo 08:00-17:00","Tu 08:00-18:00","We 08:00-17:00","Th 08:00-18:00",,,"469928627","John Barnes",,"closed now","closed now","17:00","Monday","08:00","Mo 08:00-17:00","18:00","Tuesday","08:00","Tu 08:00-18:00","17:00","Wednesday","08:00","We 08:00-17:00","18:00","Thursday","08:00","Th 08:00-18:00",,,,,,,,,"(972) 208-0333",,,,,"https://www.yellowpages.com/plano-tx/mip/john-barnes-469928627","http://yellowpages.com/plano-tx/mip/carrell-family-dentistry-3118934",
"Plano","US","5072 W Plano Pkwy, Plano, TX, 75093","TX","5072 W Plano Pkwy","75093",,"Dentists","Physicians &amp; Surgeons, Cosmetic Surgery",,,,"Tu-Th 07:30-15:30","Fr 09:00-13:00",,,,,"1570161","Jodi D. Danna, D.D.S., F.A.G.D.",,"closed now","closed now","15:30","Tuesday - Thursday","07:30","Tu-Th 07:30-15:30","13:00","Friday","09:00","Fr 09:00-13:00",,,,,,,,,,,,,,,,,"(972) 267-6244","5","1","Going to this dentistry has been a positive experience every time I visit. They answer all my questions and concerns and are very friendly.""","https://i4.ypcdn.com/blob/b481a8be6ab8d6aa1c55f7f4fa1aa7e548914f95_130x130_crop.jpg?6046996
","https://www.yellowpages.com/plano-tx/mip/jodi-d-danna-d-d-s-f-a-g-d-1570161","http://www.dannasmile.com",
"Plano","US","6513 Preston Rd Ste 500, Plano, TX, 75024","TX","6513 Preston Rd Ste 500","75024",,"Dentists","Pediatric Dentistry",,,,"Mo-Th 09:00-17:00",,,,,,"466136522","Dr. Rupande Patel DDS - Smile Island Dental",,,,"17:00","Monday - Thursday","09:00","Mo-Th 09:00-17:00",,,,,,,,,,,,,,,,,,,,,"(972) 905-4312","3.67","3",,"https://i4.ypcdn.com/blob/02f29a1a592033d5016d86792fa074e3cce79a8b_130x130_crop.jpg?6046996
","https://www.yellowpages.com/plano-tx/mip/dr-rupande-patel-dds-smile-island-dental-466136522","http://drrupandepatelddssmileislanddental.localsearch.com","23"
"Plano","US","5501 Independence Pkwy Ste 204, Plano, TX, 75023","TX","5501 Independence Pkwy Ste 204","75023",,"Dentists","Periodontists","Endodontists",,,"Mo-Su",,,,,,"3845974","Peck, Michael Dds",,,,,,,"Mo-Su",,,,,,,,,,,,,,,,,,,,,"(972) 596-5868",,,,,"https://www.yellowpages.com/plano-tx/mip/peck-michael-dds-3845974","http://peckmichaeldds.localsearch.com","40"
"Plano","US","7965 Custer Rd Ste 100, Plano, TX, 75025","TX","7965 Custer Rd Ste 100","75025",,"Dentists",,,,,,,,,,,"554790826","Plano Smile Design",,,,,,,,,,,,,,,,,,,,,,,,,,,,"(972) 517-6453",,,,"https://i4.ypcdn.com/blob/63419cecb95eaf0411b24d5c852ea4f1b1b794cb_130x130_crop.jpg?6046996
","https://www.yellowpages.com/plano-tx/mip/plano-smile-design-554790826","https://planosmiledesign.com",
"Plano","US","3900 W 15th St Ste 401, Plano, TX, 75075","TX","3900 W 15th St Ste 401","75075","Wheelchair accessible","Dentists",,,,,,,,,,,"3798826","Gita Khani, DDS",,,,,,,,,,,,,,,,,,,,,,,,,,,,"(972) 596-6920",,,,,"https://www.yellowpages.com/plano-tx/mip/gita-khani-dds-3798826","http://gitakhanidds.localsearch.com",
"Plano","US","1605 G Ave Ste 400, Plano, TX, 75074","TX","1605 G Ave Ste 400","75074",,"Dentists","Orthodontists","Oral &amp; Maxillofacial Surgery",,,"Mo 09:00-17:30","Tu-Th 08:00-17:00",,,,,"547366512","James Dean Jensen, DDS",,,,"17:30","Monday","09:00","Mo 09:00-17:30","17:00","Tuesday - Thursday","08:00","Tu-Th 08:00-17:00",,,,,,,,,,,,,,,,,"(972) 422-0277",,,,,"https://www.yellowpages.com/plano-tx/mip/james-dean-jensen-dds-547366512","http://jensensmiles.com","38"
"Plano","US","5501 Independence Pkwy, Plano, TX, 75023","TX","5501 Independence Pkwy","75023",,"Dentists","Oral &amp; Maxillofacial Surgery","Prosthodontists &amp; Denture Centers",,,"Mo-Tu 08:00-17:00","We 09:00-13:00","Th 08:00-18:00",,,,"459319474","Kellar, Patricia N, DDS",,"closed now","closed now","17:00","Monday - Tuesday","08:00","Mo-Tu 08:00-17:00","13:00","Wednesday","09:00","We 09:00-13:00","18:00","Thursday","08:00","Th 08:00-18:00",,,,,,,,,,,,,"(972) 612-9737",,,,,"https://www.yellowpages.com/plano-tx/mip/kellar-patricia-n-dds-459319474","https://www.patriciakellardds.com",
"Plano","US","4701 W Park Blvd Ste 201, Plano, TX, 75093","TX","4701 W Park Blvd Ste 201","75093",,"Dentists","Oral &amp; Maxillofacial Surgery","Pediatric Dentistry",,,"Mo 08:00-13:00","Tu-We 10:00-19:00","Th-Fr 08:00-17:00","Sa 08:00-14:00",,,"530000732","Great Expressions Dental Centers Plano",,,,"13:00","Monday","08:00","Mo 08:00-13:00","19:00","Tuesday - Wednesday","10:00","Tu-We 10:00-19:00","17:00","Thursday - Friday","08:00","Th-Fr 08:00-17:00","14:00","Saturday","08:00","Sa 08:00-14:00",,,,,,,,,"(972) 985-4450","5","1",,,"https://www.yellowpages.com/plano-tx/mip/great-expressions-dental-centers-plano-530000732","http://www.greatexpressions.com","51"
"Plano","US","5509 Pleasant Valley Dr Ste 90B, Plano, TX, 75023","TX","5509 Pleasant Valley Dr Ste 90B","75023","Wheelchair accessible","Dentists","Oral &amp; Maxillofacial Surgery",,,,"Mo 09:00-17:30","Tu-Th 08:00-17:00","Fr 09:00-12:00",,,,"4365524","Aleksandra Anastasya Morel, DDS",,,,"17:30","Monday","09:00","Mo 09:00-17:30","17:00","Tuesday - Thursday","08:00","Tu-Th 08:00-17:00","12:00","Friday","09:00","Fr 09:00-12:00",,,,,,,,,,,,,"(972) 398-0020",,,,,"https://www.yellowpages.com/plano-tx/mip/aleksandra-anastasya-morel-dds-4365524","http://yellowpages.com/plano-tx/mip/james-dean-jensen-dds-msd-pa-8293203",
"Plano","US","6009 W Parker Rd Ste 199, Plano, TX, 75093","TX","6009 W Parker Rd Ste 199","75093",,"Dentists","Endodontists","Orthodontists",,,"Mo-Tu 08:30-17:00","We 10:30-19:00","Th 08:30-17:00","Fr 08:30-16:00","Sa 08:30-14:00",,"463745909","Dossett Dental Plano",,,,"17:00","Monday - Tuesday","08:30","Mo-Tu 08:30-17:00","19:00","Wednesday","10:30","We 10:30-19:00","17:00","Thursday","08:30","Th 08:30-17:00","16:00","Friday","08:30","Fr 08:30-16:00","14:00","Saturday","08:30","Sa 08:30-14:00",,,,,"(469) 331-5962","3.68","22",,"https://i4.ypcdn.com/blob/6297db6dbbf6a8399eb9413b81e50af0f193f208_130x130_crop.jpg?6046996
","https://www.yellowpages.com/plano-tx/mip/dossett-dental-plano-463745909","http://www.dossettdental.com","44"
"Plano","US","5850 K Ave Ste 300, Plano, TX, 75074","TX","5850 K Ave Ste 300","75074","Wheelchair accessible","Dentists",,,,,,,,,,,"478728090","Nguyen, Hien T, DDS",,,,,,,,,,,,,,,,,,,,,,,,,,,,"(972) 422-8662",,,,,"https://www.yellowpages.com/plano-tx/mip/nguyen-hien-t-dds-478728090","http://nguyenhientdds.localsearch.com",
"Plano","US","5944 W Parker Rd Ste 500, Plano, TX, 75093","TX","5944 W Parker Rd Ste 500","75093",,"Dentists","Dental Hygienists","Implant Dentistry",,,"Mo-Th 08:00-17:00",,,,,,"21923364","Star Ranch Dental",,,,"17:00","Monday - Thursday","08:00","Mo-Th 08:00-17:00",,,,,,,,,,,,,,,,,,,,,"(972) 943-5944",,,,"https://i4.ypcdn.com/blob/e6ec714f82549d64ffeb21f2ae8c8b788c57f1e4_130x130_crop.jpg?6046996
","https://www.yellowpages.com/plano-tx/mip/star-ranch-dental-21923364","https://www.starranchdental.com","22"
"Plano","US","4708 W Plano Pkwy Ste 200, Plano, TX, 75093","TX","4708 W Plano Pkwy Ste 200","75093",,"Dentists","Cosmetic Dentistry","Dental Clinics",,,"Mo-Fr 08:00-17:00",,,,,,"560440716","Hollywood Smiles",,,,"17:00","Monday - Friday","08:00","Mo-Fr 08:00-17:00",,,,,,,,,,,,,,,,,,,,,"(972) 519-0990","5","5",,,"https://www.yellowpages.com/plano-tx/mip/hollywood-smiles-560440716","http://hollywoodsmilestx.localsearch.com","35"
"Plano","US","5072 W Plano Pkwy Ste 270, Plano, TX, 75093","TX","5072 W Plano Pkwy Ste 270","75093",,"Dentists",,,,,"Mo 08:00-17:00","Tu 18:30-21:00","We 08:00-17:00","Th 18:30-21:00","Fr 08:00-17:00","Sa 09:00-14:00","505364670","Dr. Ambreen Nizami, DMD",,,,"17:00","Monday","08:00","Mo 08:00-17:00","21:00","Tuesday","18:30","Tu 18:30-21:00","17:00","Wednesday","08:00","We 08:00-17:00","21:00","Thursday","18:30","Th 18:30-21:00","17:00","Friday","08:00","Fr 08:00-17:00","14:00","Saturday","09:00","Sa 09:00-14:00","(214) 912-5387","5","2",,"https://i4.ypcdn.com/blob/d5ae51e1ad0720b8c3836e9eab2b02d8d09d332d_130x130_crop.jpg?6046996
","https://www.yellowpages.com/plano-tx/mip/dr-ambreen-nizami-dmd-505364670","http://drambreennizamidmd.localsearch.com","15"
"Plano","US","7801 Alma Dr Ste 123, Plano, TX, 75025","TX","7801 Alma Dr Ste 123","75025","Wheelchair accessible","Dentists","Orthodontists",,,,"Tu-We 09:00-19:00","Th-Fr 08:00-16:00","Sa 08:00-15:00",,,,"474704041","Dali Dental",,,,"19:00","Tuesday - Wednesday","09:00","Tu-We 09:00-19:00","16:00","Thursday - Friday","08:00","Th-Fr 08:00-16:00","15:00","Saturday","08:00","Sa 08:00-15:00",,,,,,,,,,,,,"(972) 640-0373",,,,,"https://www.yellowpages.com/plano-tx/mip/dali-dental-474704041","https://daophamdds.com",
"Plano","US","305 W Spring Creek Pkwy Ste 100, Plano, TX, 75023","TX","305 W Spring Creek Pkwy Ste 100","75023",,"Dentists",,,,,"Mo-Tu 09:00-15:00","Th-Sa 09:00-15:00",,,,,"3585890","Yenchi Le, DDS",,,,"15:00","Monday - Tuesday","09:00","Mo-Tu 09:00-15:00","15:00","Thursday - Saturday","09:00","Th-Sa 09:00-15:00",,,,,,,,,,,,,,,,,"(972) 312-1840",,,,,"https://www.yellowpages.com/plano-tx/mip/yenchi-le-dds-3585890","http://www.icondental.com","25"
"Plano","US","3001 Dallas Pkwy Ste A, Plano, TX, 75093","TX","3001 Dallas Pkwy Ste A","75093",,"Dentists",,,,,"Mo 09:00-17:30","Tu-We 08:00-17:30","Th 09:00-17:30","Fr 08:00-15:00",,,"557676091","Willow Bend Dental",,"closed now","closed now","17:30","Monday","09:00","Mo 09:00-17:30","17:30","Tuesday - Wednesday","08:00","Tu-We 08:00-17:30","17:30","Thursday","09:00","Th 09:00-17:30","15:00","Friday","08:00","Fr 08:00-15:00",,,,,,,,,"(972) 964-5686",,,,,"https://www.yellowpages.com/plano-tx/mip/willow-bend-dental-557676091","https://willowbenddental.com",
"Plano","US","5509 Pleasant Valley Dr, Plano, TX, 75023","TX","5509 Pleasant Valley Dr","75023",,"Dentists",,,,,,,,,,,"463612448","Cragun, Jacob D, DDS",,,,,,,,,,,,,,,,,,,,,,,,,,,,"(972) 964-3636",,,,,"https://www.yellowpages.com/plano-tx/mip/cragun-jacob-d-dds-463612448","http://cragunjacobddds.localsearch.com",
"Plano","US","1200 Village Creek Dr Ste 102, Plano, TX, 75093","TX","1200 Village Creek Dr Ste 102","75093",,"Dentists","Implant Dentistry","Periodontists",,,"Mo-Th 07:00-16:00",,,,,,"536904463","Mark Sowell, DDS, MAGD, AACD",,"closed now","closed now","16:00","Monday - Thursday","07:00","Mo-Th 07:00-16:00",,,,,,,,,,,,,,,,,,,,,"(972) 931-0090",,,,"https://i4.ypcdn.com/blob/d3168265e7bd039860ec4a5c0f9a36880aae4c5a_130x130_crop.jpg?6046996
","https://www.yellowpages.com/plano-tx/mip/mark-sowell-dds-magd-aacd-536904463","https://www.smilesbysowell.com",
"Plano","US","901 W 15th St, Plano, TX, 75075","TX","901 W 15th St","75075",,"Dentists","Dental Clinics","Periodontists",,,"Mo 09:00-18:15","Tu-Th 08:00-17:15","Fr 08:00-14:00",,,,"580168570","Roshni Varia, DDS, DMD",,"closed now","closed now","18:15","Monday","09:00","Mo 09:00-18:15","17:15","Tuesday - Thursday","08:00","Tu-Th 08:00-17:15","14:00","Friday","08:00","Fr 08:00-14:00",,,,,,,,,,,,,"(972) 403-4001",,,,"https://i4.ypcdn.com/blob/01409823bd25cf7888631c35c2918f79edfcdaa5_130x130_crop.jpg?6046996
","https://www.yellowpages.com/plano-tx/mip/roshni-varia-dds-dmd-580168570","https://www.aspendental.com/providers/roshni-varia/1508429002",
"Plano","US","701 E Plano Pkwy, Plano, TX, 75074","TX","701 E Plano Pkwy","75074",,"Dentists",,,,,"Mo-Th 08:30-17:00","Fr 08:30-16:00",,,,,"551472168","Elite Mobile Dental",,"closed now","closed now","17:00","Monday - Thursday","08:30","Mo-Th 08:30-17:00","16:00","Friday","08:30","Fr 08:30-16:00",,,,,,,,,,,,,,,,,"(214) 960-0975",,,,,"https://www.yellowpages.com/plano-tx/mip/elite-mobile-dental-551472168","https://elitemobiledental.com",
"Plano","US","3105 W 15th St Ste A1, Plano, TX, 75075","TX","3105 W 15th St Ste A1","75075","Wheelchair accessible","Dentists","Oral &amp; Maxillofacial Surgery",,,,"Mo-Fr 07:00-15:00",,,,,,"453622662","Dennis Michael Statz, DDS",,,,"15:00","Monday - Friday","07:00","Mo-Fr 07:00-15:00",,,,,,,,,,,,,,,,,,,,,"(972) 596-3405",,,,,"https://www.yellowpages.com/plano-tx/mip/dennis-michael-statz-dds-453622662","http://yellowpages.com/plano-tx/mip/vitality-dental-459297427",
"Plano","US","5800 Legacy Dr Ste C8, Plano, TX, 75024","TX","5800 Legacy Dr Ste C8","75024",,"Dentists",,,,,"Mo-Th 08:00-17:00",,,,,,"571591220","Legacy Drive Dental",,"closed now","closed now","17:00","Monday - Thursday","08:00","Mo-Th 08:00-17:00",,,,,,,,,,,,,,,,,,,,,"(469) 368-0101",,,,,"https://www.yellowpages.com/plano-tx/mip/legacy-drive-dental-571591220","https://legacydrivedental.com",
"Plano","US","609 W 15th St, Plano, TX, 75075","TX","609 W 15th St","75075",,"Dentists","Cosmetic Dentistry",,,,"Mo 08:00-17:00","Th 08:00-17:00","Fr 08:00-14:00",,,,"481038249","Dental Distinction",,"closed now","closed now","17:00","Monday","08:00","Mo 08:00-17:00","17:00","Thursday","08:00","Th 08:00-17:00","14:00","Friday","08:00","Fr 08:00-14:00",,,,,,,,,,,,,"(972) 423-3322",,,,,"https://www.yellowpages.com/plano-tx/mip/dental-distinction-481038249","https://www.planodentaldistinction.com",
"Plano","US","4105 W Spring Creek Pkwy Ste 502, Plano, TX, 75024","TX","4105 W Spring Creek Pkwy Ste 502","75024","Wheelchair accessible","Dentists","Implant Dentistry","Cosmetic Dentistry",,,,,,,,,"453614110","James David Sandridge, DDS",,,,,,,,,,,,,,,,,,,,,,,,,,,,"(972) 964-7500",,,,,"https://www.yellowpages.com/plano-tx/mip/james-david-sandridge-dds-453614110","http://jamesdavidsandridgedds.localsearch.com",
"Plano","US","1885 Dallas Pkwy, Plano, TX, 75093","TX","1885 Dallas Pkwy","75093",,"Dentists","Dental Clinics","Dental Equipment &amp; Supplies",,,"Mo-Fr 08:00-17:00","Sa 09:00-15:00",,,,,"519732722","Ideal Dental",,"closed now","closed now","17:00","Monday - Friday","08:00","Mo-Fr 08:00-17:00","15:00","Saturday","09:00","Sa 09:00-15:00",,,,,,,,,,,,,,,,,"(972) 248-6000","5","1","This office is very professional. Everyone in the office was very knowledgeable and kind. I needed some filling done and I have the assurance to know all their work has a…","https://i4.ypcdn.com/blob/4079eb115d9bf1726e2fe35582dc913d7124f247_130x130_crop.jpg?6046996
","https://www.yellowpages.com/plano-tx/mip/ideal-dental-519732722","https://www.myidealdental.com/willow-bend",
"Plano","US","204 Coit Rd Ste 100, Plano, TX, 75075","TX","204 Coit Rd Ste 100","75075",,"Dentists","Cosmetic Dentistry","Orthodontists",,,"Mo 08:00-17:00","Tu 07:30-16:30","We 08:00-17:00","Th 07:30-16:30","Fr 07:00-12:00",,"505064604","Family First Dental Care",,,,"17:00","Monday","08:00","Mo 08:00-17:00","16:30","Tuesday","07:30","Tu 07:30-16:30","17:00","Wednesday","08:00","We 08:00-17:00","16:30","Thursday","07:30","Th 07:30-16:30","12:00","Friday","07:00","Fr 07:00-12:00",,,,,"(972) 309-1600","3.67","3",,"https://i4.ypcdn.com/blob/dab90806b3f77a4156b3dd517f0a1be744351980_130x130_crop.jpg?6046996
","https://www.yellowpages.com/plano-tx/mip/family-first-dental-care-505064604","https://www.dentalworks.com/offices/texas/family-first-dental-care","22"
"Plano","US","1517 14th St, Plano, TX, 75074","TX","1517 14th St","75074",,"Dentists","Cosmetic Dentistry",,,,"Mo 09:30-17:30","Tu 08:30-17:00","We 08:15-17:30","Th 08:30-14:00",,,"547973439","Plano Gentle Dental",,"closed now","closed now","17:30","Monday","09:30","Mo 09:30-17:30","17:00","Tuesday","08:30","Tu 08:30-17:00","17:30","Wednesday","08:15","We 08:15-17:30","14:00","Thursday","08:30","Th 08:30-14:00",,,,,,,,,"(972) 424-8591",,,,,"https://www.yellowpages.com/plano-tx/mip/plano-gentle-dental-547973439","https://www.planogentledental.com/contact-us",
"Plano","US","4101 W Spring Creek Pkwy Ste 100, Plano, TX, 75024","TX","4101 W Spring Creek Pkwy Ste 100","75024","Wheelchair accessible","Dentists","Implant Dentistry","Periodontists",,,"Mo-Fr 09:00-18:00",,,,,,"3469602","Comfort Dental",,,,"18:00","Monday - Friday","09:00","Mo-Fr 09:00-18:00",,,,,,,,,,,,,,,,,,,,,"(972) 599-1221","3","2",,,"https://www.yellowpages.com/plano-tx/mip/comfort-dental-3469602","https://www.planocomfortdental.com",
"Plano","US","1200 Village Creek Dr Ste 102, Plano, TX, 75093","TX","1200 Village Creek Dr Ste 102","75093",,"Dentists","Implant Dentistry","Dental Equipment &amp; Supplies",,,"Mo-Th 07:00-16:00",,,,,,"575748694","Dr. Sara Chen, DMD",,"closed now","closed now","16:00","Monday - Thursday","07:00","Mo-Th 07:00-16:00",,,,,,,,,,,,,,,,,,,,,"(972) 931-0090",,,,"https://i4.ypcdn.com/blob/e4bf9fff3857efd35881188486d71e8415a105e9_130x130_crop.jpg?6046996
","https://www.yellowpages.com/plano-tx/mip/dr-sara-chen-dmd-575748694","https://www.adcplano.com",
"Plano","US","5932 W Parker Rd Ste 600, Plano, TX, 75093","TX","5932 W Parker Rd Ste 600","75093",,"Dentists",,,,,"Mo-Th 07:30-16:00",,,,,,"467978834","Advanced Dentistry at Windhaven",,"closed now","closed now","16:00","Monday - Thursday","07:30","Mo-Th 07:30-16:00",,,,,,,,,,,,,,,,,,,,,"(972) 985-1580",,,,,"https://www.yellowpages.com/plano-tx/mip/advanced-dentistry-at-windhaven-467978834","https://advanceddentistryatwindhaven.com",
"Plano","US","901 W 15th St, Plano, TX, 75075","TX","901 W 15th St","75075",,"Dentists",,,,,"Mo 09:00-18:15","Tu-Th 08:00-17:15","Fr 08:00-14:00",,,,"575309978","Motto Clear Aligners",,"closed now","closed now","18:15","Monday","09:00","Mo 09:00-18:15","17:15","Tuesday - Thursday","08:00","Tu-Th 08:00-17:15","14:00","Friday","08:00","Fr 08:00-14:00",,,,,,,,,,,,,"(972) 403-4001",,,,"https://i4.ypcdn.com/blob/9ea64c639ee1cf3adc25a53c7476a4b1f0bda7fd_130x130_crop.jpg?6046996
","https://www.yellowpages.com/plano-tx/mip/motto-clear-aligners-575309978","https://www.aspendental.com/dentist/tx/plano/901-w-15th-street-ste-a/motto-clear-aligners",
